Alert ID,Ticker,Name,Description,Time,Webhook status
4242001278,"ICMARKETS:GBPUSD, 5m",{{message}},"{""indicator_id"":""ABC_Pattern_v2"",""strategy_id"":""abc_geometric"",""symbol"":""GBPUSD"",""action"":""SELL"",""risk"":1.0,""meta"":{""tp"":1.3240757365,""sl"":1.32904772,""rr"":""2.74:1""}}",2026-03-19T07:16:00Z,Webhook delivery failed — 404 Not Found
4242010891,"OANDA:GBPJPY, 5m",{{message}},"{""indicator_id"":""ABC_Pattern_v2"",""strategy_id"":""abc_geometric"",""symbol"":""GBPJPY"",""action"":""SELL"",""risk"":1.0,""meta"":{""tp"":211.5675272224,""sl"":212.194983,""rr"":""1.96:1""}}",2026-03-19T06:20:00Z,Webhook delivery failed — 404 Not Found
4242008720,"ICMARKETS:USDJPY, 5m",{{message}},"{""indicator_id"":""ABC_Pattern_v2"",""strategy_id"":""abc_geometric"",""symbol"":""USDJPY"",""action"":""BUY"",""risk"":1.0,""meta"":{""tp"":159.7610511461,""sl"":159.431409,""rr"":""1.07:1""}}",2026-03-19T05:16:00Z,Webhook delivery failed — 404 Not Found
4242008720,"ICMARKETS:USDJPY, 5m",{{message}},"{""indicator_id"":""ABC_Pattern_v2"",""strategy_id"":""abc_geometric"",""symbol"":""USDJPY"",""action"":""SELL"",""risk"":1.0,""meta"":{""tp"":159.4062631154,""sl"":159.872713,""rr"":""1.92:1""}}",2026-03-19T04:36:02Z,Webhook delivery failed — 404 Not Found
4242010891,"OANDA:GBPJPY, 5m",{{message}},"{""indicator_id"":""ABC_Pattern_v2"",""strategy_id"":""abc_geometric"",""symbol"":""GBPJPY"",""action"":""SELL"",""risk"":1.0,""meta"":{""tp"":211.8961709975,""sl"":212.464252,""rr"":""1.68:1""}}",2026-03-19T03:50:10Z,Webhook delivery failed — 404 Not Found
4242010891,"OANDA:GBPJPY, 5m",{{message}},"{""indicator_id"":""ABC_Pattern_v2"",""strategy_id"":""abc_geometric"",""symbol"":""GBPJPY"",""action"":""BUY"",""risk"":1.0,""meta"":{""tp"":212.5444897832,""sl"":211.786002,""rr"":""2.58:1""}}",2026-03-19T03:00:00Z,Webhook delivery failed — 404 Not Found
4241953027,"TICKMILL:EURUSD, 5m",{{message}},"{""indicator_id"":""ABC_Pattern_v2"",""strategy_id"":""abc_geometric"",""symbol"":""EURUSD"",""action"":""BUY"",""risk"":1.0,""meta"":{""tp"":1.1471601989,""sl"":1.14394491,""rr"":""1.81:1""}}",2026-03-18T23:20:00Z,Webhook delivery failed — 404 Not Found
4242008720,"ICMARKETS:USDJPY, 5m",{{message}},"{""indicator_id"":""ABC_Pattern_v2"",""strategy_id"":""abc_geometric"",""symbol"":""USDJPY"",""action"":""SELL"",""risk"":1.0,""meta"":{""tp"":159.6260704887,""sl"":160.006847,""rr"":""1.38:1""}}",2026-03-18T23:11:02Z,Webhook delivery failed — 404 Not Found
4242008720,"ICMARKETS:USDJPY, 5m",{{message}},"{""indicator_id"":""ABC_Pattern_v2"",""strategy_id"":""abc_geometric"",""symbol"":""USDJPY"",""action"":""BUY"",""risk"":1.0,""meta"":{""tp"":160.3206971543,""sl"":159.517323,""rr"":""4.03:1""}}",2026-03-18T22:46:01Z,Webhook delivery failed — 404 Not Found
4242001278,"ICMARKETS:GBPUSD, 5m",{{message}},"{""indicator_id"":""ABC_Pattern_v2"",""strategy_id"":""abc_geometric"",""symbol"":""GBPUSD"",""action"":""SELL"",""risk"":1.0,""meta"":{""tp"":1.317060536,""sl"":1.32814682,""rr"":""7.36:1""}}",2026-03-18T22:41:00Z,Webhook delivery failed — 404 Not Found
4241953027,"TICKMILL:EURUSD, 5m",{{message}},"{""indicator_id"":""ABC_Pattern_v2"",""strategy_id"":""abc_geometric"",""symbol"":""EURUSD"",""action"":""SELL"",""risk"":1.0,""meta"":{""tp"":1.139565561,""sl"":1.14819705,""rr"":""6.52:1""}}",2026-03-18T22:40:00Z,Webhook delivery failed — 404 Not Found
4241953027,"TICKMILL:EURUSD, 5m",{{message}},"{""indicator_id"":""ABC_Pattern_v2"",""strategy_id"":""abc_geometric"",""symbol"":""EURUSD"",""action"":""SELL"",""risk"":1.0,""meta"":{""tp"":1.149821046,""sl"":1.1536525,""rr"":""2.32:1""}}",2026-03-18T19:00:00Z,Webhook delivery failed — 404 Not Found
4241953027,"TICKMILL:EURUSD, 5m",{{message}},"{""indicator_id"":""ABC_Pattern_v2"",""strategy_id"":""abc_geometric"",""symbol"":""EURUSD"",""action"":""BUY"",""risk"":1.0,""meta"":{""tp"":1.1541339638,""sl"":1.14911973,""rr"":""3.36:1""}}",2026-03-18T18:15:00Z,Webhook delivery failed — 404 Not Found
4242008720,"ICMARKETS:USDJPY, 5m",{{message}},"{""indicator_id"":""ABC_Pattern_v2"",""strategy_id"":""abc_geometric"",""symbol"":""USDJPY"",""action"":""BUY"",""risk"":1.0,""meta"":{""tp"":159.5440258269,""sl"":159.237603,""rr"":""0.92:1""}}",2026-03-18T17:21:01Z,Webhook delivery failed — 404 Not Found
4242008720,"ICMARKETS:USDJPY, 5m",{{message}},"{""indicator_id"":""ABC_Pattern_v2"",""strategy_id"":""abc_geometric"",""symbol"":""USDJPY"",""action"":""SELL"",""risk"":1.0,""meta"":{""tp"":159.2990951838,""sl"":159.675516,""rr"":""1.36:1""}}",2026-03-18T17:06:00Z,Webhook delivery failed — 404 Not Found
4242010891,"OANDA:GBPJPY, 5m",{{message}},"{""indicator_id"":""ABC_Pattern_v2"",""strategy_id"":""abc_geometric"",""symbol"":""GBPJPY"",""action"":""BUY"",""risk"":1.0,""meta"":{""tp"":212.7152505078,""sl"":212.125662,""rr"":""1.78:1""}}",2026-03-18T16:50:00Z,Webhook delivery failed — 404 Not Found
4242010891,"OANDA:GBPJPY, 5m",{{message}},"{""indicator_id"":""ABC_Pattern_v2"",""strategy_id"":""abc_geometric"",""symbol"":""GBPJPY"",""action"":""SELL"",""risk"":1.0,""meta"":{""tp"":212.1311375,""sl"":212.786574,""rr"":""2.08:1""}}",2026-03-18T16:05:01Z,Webhook delivery failed — 404 Not Found
4241953027,"TICKMILL:EURUSD, 5m",{{message}},"{""indicator_id"":""ABC_Pattern_v2"",""strategy_id"":""abc_geometric"",""symbol"":""EURUSD"",""action"":""SELL"",""risk"":1.0,""meta"":{""tp"":1.1463254935,""sl"":1.15390275,""rr"":""5.57:1""}}",2026-03-18T15:05:00Z,Webhook delivery failed — 404 Not Found
4242008720,"ICMARKETS:USDJPY, 5m",{{message}},"{""indicator_id"":""ABC_Pattern_v2"",""strategy_id"":""abc_geometric"",""symbol"":""USDJPY"",""action"":""BUY"",""risk"":1.0,""meta"":{""tp"":160.1283312775,""sl"":159.28056,""rr"":""4.32:1""}}",2026-03-18T15:01:01Z,Webhook delivery failed — 404 Not Found
4242001278,"ICMARKETS:GBPUSD, 5m",{{message}},"{""indicator_id"":""ABC_Pattern_v2"",""strategy_id"":""abc_geometric"",""symbol"":""GBPUSD"",""action"":""SELL"",""risk"":1.0,""meta"":{""tp"":1.32691759,""sl"":1.33495362,""rr"":""5.03:1""}}",2026-03-18T15:01:00Z,Webhook delivery failed — 404 Not Found
4242010891,"OANDA:GBPJPY, 5m",{{message}},"{""indicator_id"":""ABC_Pattern_v2"",""strategy_id"":""abc_geometric"",""symbol"":""GBPJPY"",""action"":""BUY"",""risk"":1.0,""meta"":{""tp"":212.7606713437,""sl"":212.008779,""rr"":""2.54:1""}}",2026-03-18T13:50:00Z,Webhook delivery failed — 404 Not Found
4242008720,"ICMARKETS:USDJPY, 5m",{{message}},"{""indicator_id"":""ABC_Pattern_v2"",""strategy_id"":""abc_geometric"",""symbol"":""USDJPY"",""action"":""BUY"",""risk"":1.0,""meta"":{""tp"":159.0320024922,""sl"":158.7411,""rr"":""0.83:1""}}",2026-03-18T12:16:00Z,Webhook delivery failed — 404 Not Found
4242001278,"ICMARKETS:GBPUSD, 5m",{{message}},"{""indicator_id"":""ABC_Pattern_v2"",""strategy_id"":""abc_geometric"",""symbol"":""GBPUSD"",""action"":""BUY"",""risk"":1.0,""meta"":{""tp"":1.3370812368,""sl"":1.33354512,""rr"":""1.65:1""}}",2026-03-18T11:31:00Z,Webhook delivery failed — 404 Not Found
4242008720,"ICMARKETS:USDJPY, 5m",{{message}},"{""indicator_id"":""ABC_Pattern_v2"",""strategy_id"":""abc_geometric"",""symbol"":""USDJPY"",""action"":""SELL"",""risk"":1.0,""meta"":{""tp"":158.8740224141,""sl"":159.188029,""rr"":""0.97:1""}}",2026-03-18T11:21:12Z,Webhook delivery failed — 404 Not Found
4242001278,"ICMARKETS:GBPUSD, 5m",{{message}},"{""indicator_id"":""ABC_Pattern_v2"",""strategy_id"":""abc_geometric"",""symbol"":""GBPUSD"",""action"":""SELL"",""risk"":1.0,""meta"":{""tp"":1.3330028135,""sl"":1.33766633,""rr"":""2.49:1""}}",2026-03-18T11:06:01Z,Webhook delivery failed — 404 Not Found
4242008720,"ICMARKETS:USDJPY, 5m",{{message}},"{""indicator_id"":""ABC_Pattern_v2"",""strategy_id"":""abc_geometric"",""symbol"":""USDJPY"",""action"":""BUY"",""risk"":1.0,""meta"":{""tp"":159.3809990856,""sl"":158.738103,""rr"":""3.05:1""}}",2026-03-18T10:41:07Z,Webhook delivery failed — 404 Not Found
4242010891,"OANDA:GBPJPY, 5m",{{message}},"{""indicator_id"":""ABC_Pattern_v2"",""strategy_id"":""abc_geometric"",""symbol"":""GBPJPY"",""action"":""SELL"",""risk"":1.0,""meta"":{""tp"":211.9932588918,""sl"":212.551339,""rr"":""1.63:1""}}",2026-03-18T05:20:00Z,Webhook delivery failed — 404 Not Found
4242008720,"ICMARKETS:USDJPY, 5m",{{message}},"{""indicator_id"":""ABC_Pattern_v2"",""strategy_id"":""abc_geometric"",""symbol"":""USDJPY"",""action"":""SELL"",""risk"":1.0,""meta"":{""tp"":158.7262528497,""sl"":159.147989,""rr"":""1.65:1""}}",2026-03-18T04:26:03Z,Webhook delivery failed — 404 Not Found
4242008720,"ICMARKETS:USDJPY, 5m",{{message}},"{""indicator_id"":""ABC_Pattern_v2"",""strategy_id"":""abc_geometric"",""symbol"":""USDJPY"",""action"":""BUY"",""risk"":1.0,""meta"":{""tp"":159.2151544526,""sl"":158.720121,""rr"":""2.12:1""}}",2026-03-18T03:56:03Z,Webhook delivery failed — 404 Not Found
4242010891,"OANDA:GBPJPY, 5m",{{message}},"{""indicator_id"":""ABC_Pattern_v2"",""strategy_id"":""abc_geometric"",""symbol"":""GBPJPY"",""action"":""BUY"",""risk"":1.0,""meta"":{""tp"":212.5100202508,""sl"":211.939848,""rr"":""1.69:1""}}",2026-03-18T03:55:00Z,Webhook delivery failed — 404 Not Found
4242001278,"ICMARKETS:GBPUSD, 5m",{{message}},"{""indicator_id"":""ABC_Pattern_v2"",""strategy_id"":""abc_geometric"",""symbol"":""GBPUSD"",""action"":""SELL"",""risk"":1.0,""meta"":{""tp"":1.3344206031,""sl"":1.33705572,""rr"":""0.97:1""}}",2026-03-18T03:36:01Z,Webhook delivery failed — 404 Not Found
4241953027,"TICKMILL:EURUSD, 5m",{{message}},"{""indicator_id"":""ABC_Pattern_v2"",""strategy_id"":""abc_geometric"",""symbol"":""EURUSD"",""action"":""SELL"",""risk"":1.0,""meta"":{""tp"":1.1526705579,""sl"":1.15497382,""rr"":""1:1""}}",2026-03-18T03:30:00Z,Webhook delivery failed — 404 Not Found
4241953027,"TICKMILL:EURUSD, 5m",{{message}},"{""indicator_id"":""ABC_Pattern_v2"",""strategy_id"":""abc_geometric"",""symbol"":""EURUSD"",""action"":""SELL"",""risk"":1.0,""meta"":{""tp"":1.1536500316,""sl"":1.15553438,""rr"":""0.63:1""}}",2026-03-18T01:10:00Z,Webhook delivery failed — 404 Not Found
4242001278,"ICMARKETS:GBPUSD, 5m",{{message}},"{""indicator_id"":""ABC_Pattern_v2"",""strategy_id"":""abc_geometric"",""symbol"":""GBPUSD"",""action"":""BUY"",""risk"":1.0,""meta"":{""tp"":1.3370008181,""sl"":1.3342644,""rr"":""1.05:1""}}",2026-03-18T00:01:00Z,Webhook delivery failed — 404 Not Found
4241953027,"TICKMILL:EURUSD, 5m",{{message}},"{""indicator_id"":""ABC_Pattern_v2"",""strategy_id"":""abc_geometric"",""symbol"":""EURUSD"",""action"":""BUY"",""risk"":1.0,""meta"":{""tp"":1.1549105036,""sl"":1.1525463,""rr"":""1.05:1""}}",2026-03-18T00:00:00Z,Webhook delivery failed — 404 Not Found
4242001278,"ICMARKETS:GBPUSD, 5m",{{message}},"{""indicator_id"":""ABC_Pattern_v2"",""strategy_id"":""abc_geometric"",""symbol"":""GBPUSD"",""action"":""SELL"",""risk"":1.0,""meta"":{""tp"":1.3346202394,""sl"":1.33755622,""rr"":""1.2:1""}}",2026-03-17T23:36:00Z,Webhook delivery failed — 404 Not Found
4242008720,"ICMARKETS:USDJPY, 5m",{{message}},"{""indicator_id"":""ABC_Pattern_v2"",""strategy_id"":""abc_geometric"",""symbol"":""USDJPY"",""action"":""SELL"",""risk"":1.0,""meta"":{""tp"":158.761086722,""sl"":159.162003,""rr"":""1.52:1""}}",2026-03-17T23:01:03Z,Webhook delivery failed — 404 Not Found
4242010891,"OANDA:GBPJPY, 5m",{{message}},"{""indicator_id"":""ABC_Pattern_v2"",""strategy_id"":""abc_geometric"",""symbol"":""GBPJPY"",""action"":""BUY"",""risk"":1.0,""meta"":{""tp"":212.7034807216,""sl"":212.03775,""rr"":""2.14:1""}}",2026-03-17T22:20:01Z,Webhook delivery failed — 404 Not Found
4241953027,"TICKMILL:EURUSD, 5m",{{message}},"{""indicator_id"":""ABC_Pattern_v2"",""strategy_id"":""abc_geometric"",""symbol"":""EURUSD"",""action"":""SELL"",""risk"":1.0,""meta"":{""tp"":1.152860615,""sl"":1.1553542,""rr"":""1.16:1""}}",2026-03-17T21:55:01Z,Webhook delivery failed — 404 Not Found
4241953027,"TICKMILL:EURUSD, 5m",{{message}},"{""indicator_id"":""ABC_Pattern_v2"",""strategy_id"":""abc_geometric"",""symbol"":""EURUSD"",""action"":""BUY"",""risk"":1.0,""meta"":{""tp"":1.155461311,""sl"":1.15223661,""rr"":""1.8:1""}}",2026-03-17T20:55:00Z,Webhook delivery failed — 404 Not Found
4242001278,"ICMARKETS:GBPUSD, 5m",{{message}},"{""indicator_id"":""ABC_Pattern_v2"",""strategy_id"":""abc_geometric"",""symbol"":""GBPUSD"",""action"":""SELL"",""risk"":1.0,""meta"":{""tp"":1.335450029,""sl"":1.33775642,""rr"":""0.73:1""}}",2026-03-17T20:16:30Z,Webhook delivery failed — 404 Not Found
4242001278,"ICMARKETS:GBPUSD, 5m",{{message}},"{""indicator_id"":""ABC_Pattern_v2"",""strategy_id"":""abc_geometric"",""symbol"":""GBPUSD"",""action"":""BUY"",""risk"":1.0,""meta"":{""tp"":1.338615031,""sl"":1.33415451,""rr"":""2.34:1""}}",2026-03-17T19:56:00Z,Webhook delivery failed — 404 Not Found
4242008720,"ICMARKETS:USDJPY, 5m",{{message}},"{""indicator_id"":""ABC_Pattern_v2"",""strategy_id"":""abc_geometric"",""symbol"":""USDJPY"",""action"":""BUY"",""risk"":1.0,""meta"":{""tp"":159.0260118078,""sl"":158.733108,""rr"":""0.84:1""}}",2026-03-17T19:16:02Z,Webhook delivery failed — 404 Not Found
4242008720,"ICMARKETS:USDJPY, 5m",{{message}},"{""indicator_id"":""ABC_Pattern_v2"",""strategy_id"":""abc_geometric"",""symbol"":""USDJPY"",""action"":""SELL"",""risk"":1.0,""meta"":{""tp"":158.7751534173,""sl"":159.171012,""rr"":""1.49:1""}}",2026-03-17T18:26:00Z,Webhook delivery failed — 404 Not Found
4242008720,"ICMARKETS:USDJPY, 5m",{{message}},"{""indicator_id"":""ABC_Pattern_v2"",""strategy_id"":""abc_geometric"",""symbol"":""USDJPY"",""action"":""BUY"",""risk"":1.0,""meta"":{""tp"":159.2723897279,""sl"":158.719122,""rr"":""2.48:1""}}",2026-03-17T17:31:01Z,Webhook delivery failed — 404 Not Found
4242010891,"OANDA:GBPJPY, 5m",{{message}},"{""indicator_id"":""ABC_Pattern_v2"",""strategy_id"":""abc_geometric"",""symbol"":""GBPJPY"",""action"":""BUY"",""risk"":1.0,""meta"":{""tp"":212.3250721787,""sl"":211.812975,""rr"":""1.42:1""}}",2026-03-17T17:30:01Z,Webhook delivery failed — 404 Not Found
4242008720,"ICMARKETS:USDJPY, 5m",{{message}},"{""indicator_id"":""ABC_Pattern_v2"",""strategy_id"":""abc_geometric"",""symbol"":""USDJPY"",""action"":""SELL"",""risk"":1.0,""meta"":{""tp"":158.6821061048,""sl"":159.274115,""rr"":""2.72:1""}}",2026-03-17T17:01:01Z,Webhook delivery failed — 404 Not Found
4241953027,"TICKMILL:EURUSD, 5m",{{message}},"{""indicator_id"":""ABC_Pattern_v2"",""strategy_id"":""abc_geometric"",""symbol"":""EURUSD"",""action"":""SELL"",""risk"":1.0,""meta"":{""tp"":1.1516009678,""sl"":1.15503388,""rr"":""1.98:1""}}",2026-03-17T16:00:00Z,Webhook delivery failed — 404 Not Found
4242001278,"ICMARKETS:GBPUSD, 5m",{{message}},"{""indicator_id"":""ABC_Pattern_v2"",""strategy_id"":""abc_geometric"",""symbol"":""GBPUSD"",""action"":""SELL"",""risk"":1.0,""meta"":{""tp"":1.3336803855,""sl"":1.33707574,""rr"":""1.54:1""}}",2026-03-17T15:41:00Z,Webhook delivery failed — 404 Not Found
4241953027,"TICKMILL:EURUSD, 5m",{{message}},"{""indicator_id"":""ABC_Pattern_v2"",""strategy_id"":""abc_geometric"",""symbol"":""EURUSD"",""action"":""BUY"",""risk"":1.0,""meta"":{""tp"":1.1560055398,""sl"":1.15093791,""rr"":""3.4:1""}}",2026-03-17T15:25:00Z,Webhook delivery failed — 404 Not Found
4242001278,"ICMARKETS:GBPUSD, 5m",{{message}},"{""indicator_id"":""ABC_Pattern_v2"",""strategy_id"":""abc_geometric"",""symbol"":""GBPUSD"",""action"":""BUY"",""risk"":1.0,""meta"":{""tp"":1.3387599936,""sl"":1.33259607,""rr"":""3.62:1""}}",2026-03-17T15:21:00Z,Webhook delivery failed — 404 Not Found
4242010891,"OANDA:GBPJPY, 5m",{{message}},"{""indicator_id"":""ABC_Pattern_v2"",""strategy_id"":""abc_geometric"",""symbol"":""GBPJPY"",""action"":""BUY"",""risk"":1.0,""meta"":{""tp"":212.3252435808,""sl"":211.762026,""rr"":""1.66:1""}}",2026-03-17T14:40:00Z,Webhook delivery failed — 404 Not Found
4242008720,"ICMARKETS:USDJPY, 5m",{{message}},"{""indicator_id"":""ABC_Pattern_v2"",""strategy_id"":""abc_geometric"",""symbol"":""USDJPY"",""action"":""SELL"",""risk"":1.0,""meta"":{""tp"":158.901101697,""sl"":159.313154,""rr"":""1.59:1""}}",2026-03-17T13:01:00Z,Webhook delivery failed — 404 Not Found
4242010891,"OANDA:GBPJPY, 5m",{{message}},"{""indicator_id"":""ABC_Pattern_v2"",""strategy_id"":""abc_geometric"",""symbol"":""GBPJPY"",""action"":""BUY"",""risk"":1.0,""meta"":{""tp"":212.2883680891,""sl"":211.615173,""rr"":""2.18:1""}}",2026-03-17T12:55:00Z,Webhook delivery failed — 404 Not Found
4242008720,"ICMARKETS:USDJPY, 5m",{{message}},"{""indicator_id"":""ABC_Pattern_v2"",""strategy_id"":""abc_geometric"",""symbol"":""USDJPY"",""action"":""SELL"",""risk"":1.0,""meta"":{""tp"":158.7817616868,""sl"":159.377218,""rr"":""2.74:1""}}",2026-03-17T11:16:00Z,Webhook delivery failed — 404 Not Found
4242001278,"ICMARKETS:GBPUSD, 5m",{{message}},"{""indicator_id"":""ABC_Pattern_v2"",""strategy_id"":""abc_geometric"",""symbol"":""GBPUSD"",""action"":""BUY"",""risk"":1.0,""meta"":{""tp"":1.3387639462,""sl"":1.33090776,""rr"":""4.9:1""}}",2026-03-17T11:16:00Z,Webhook delivery failed — 404 Not Found
4241953027,"TICKMILL:EURUSD, 5m",{{message}},"{""indicator_id"":""ABC_Pattern_v2"",""strategy_id"":""abc_geometric"",""symbol"":""EURUSD"",""action"":""BUY"",""risk"":1.0,""meta"":{""tp"":1.1541252821,""sl"":1.14926958,""rr"":""3.22:1""}}",2026-03-17T11:15:00Z,Webhook delivery failed — 404 Not Found
4242010891,"OANDA:GBPJPY, 5m",{{message}},"{""indicator_id"":""ABC_Pattern_v2"",""strategy_id"":""abc_geometric"",""symbol"":""GBPJPY"",""action"":""BUY"",""risk"":1.0,""meta"":{""tp"":212.0280349654,""sl"":211.446342,""rr"":""1.75:1""}}",2026-03-17T09:10:01Z,Webhook delivery failed — 404 Not Found
4242010891,"OANDA:GBPJPY, 5m",{{message}},"{""indicator_id"":""ABC_Pattern_v2"",""strategy_id"":""abc_geometric"",""symbol"":""GBPJPY"",""action"":""SELL"",""risk"":1.0,""meta"":{""tp"":211.6040647796,""sl"":212.220008,""rr"":""1.91:1""}}",2026-03-17T08:35:02Z,Webhook delivery failed — 404 Not Found
4242010891,"OANDA:GBPJPY, 5m",{{message}},"{""indicator_id"":""ABC_Pattern_v2"",""strategy_id"":""abc_geometric"",""symbol"":""GBPJPY"",""action"":""SELL"",""risk"":1.0,""meta"":{""tp"":211.8320772204,""sl"":212.254042,""rr"":""0.99:1""}}",2026-03-17T06:20:04Z,Webhook delivery failed — 404 Not Found
4241953027,"TICKMILL:EURUSD, 5m",{{message}},"{""indicator_id"":""ABC_Pattern_v2"",""strategy_id"":""abc_geometric"",""symbol"":""EURUSD"",""action"":""SELL"",""risk"":1.0,""meta"":{""tp"":1.1486603469,""sl"":1.15113999,""rr"":""1.16:1""}}",2026-03-17T05:50:00Z,Webhook delivery failed — 404 Not Found
4242008720,"ICMARKETS:USDJPY, 5m",{{message}},"{""indicator_id"":""ABC_Pattern_v2"",""strategy_id"":""abc_geometric"",""symbol"":""USDJPY"",""action"":""SELL"",""risk"":1.0,""meta"":{""tp"":159.2190658497,""sl"":159.553394,""rr"":""1.1:1""}}",2026-03-17T05:16:01Z,Webhook delivery failed — 404 Not Found
4242001278,"ICMARKETS:GBPUSD, 5m",{{message}},"{""indicator_id"":""ABC_Pattern_v2"",""strategy_id"":""abc_geometric"",""symbol"":""GBPUSD"",""action"":""BUY"",""risk"":1.0,""meta"":{""tp"":1.3319306752,""sl"":1.32868998,""rr"":""1.44:1""}}",2026-03-17T05:06:00Z,Webhook delivery failed — 404 Not Found
4241953027,"TICKMILL:EURUSD, 5m",{{message}},"{""indicator_id"":""ABC_Pattern_v2"",""strategy_id"":""abc_geometric"",""symbol"":""EURUSD"",""action"":""BUY"",""risk"":1.0,""meta"":{""tp"":1.150580409,""sl"":1.14781104,""rr"":""1.41:1""}}",2026-03-17T05:05:00Z,Webhook delivery failed — 404 Not Found
4242010891,"OANDA:GBPJPY, 5m",{{message}},"{""indicator_id"":""ABC_Pattern_v2"",""strategy_id"":""abc_geometric"",""symbol"":""GBPJPY"",""action"":""BUY"",""risk"":1.0,""meta"":{""tp"":212.2221502493,""sl"":211.69809,""rr"":""1.47:1""}}",2026-03-17T05:00:00Z,Webhook delivery failed — 404 Not Found
4242008720,"ICMARKETS:USDJPY, 5m",{{message}},"{""indicator_id"":""ABC_Pattern_v2"",""strategy_id"":""abc_geometric"",""symbol"":""USDJPY"",""action"":""BUY"",""risk"":1.0,""meta"":{""tp"":159.6524642541,""sl"":159.119721,""rr"":""2.34:1""}}",2026-03-17T04:36:00Z,Webhook delivery failed — 404 Not Found
4242001278,"ICMARKETS:GBPUSD, 5m",{{message}},"{""indicator_id"":""ABC_Pattern_v2"",""strategy_id"":""abc_geometric"",""symbol"":""GBPUSD"",""action"":""SELL"",""risk"":1.0,""meta"":{""tp"":1.3295200437,""sl"":1.33279146,""rr"":""1.46:1""}}",2026-03-17T04:26:04Z,Webhook delivery failed — 404 Not Found
4242010891,"OANDA:GBPJPY, 5m",{{message}},"{""indicator_id"":""ABC_Pattern_v2"",""strategy_id"":""abc_geometric"",""symbol"":""GBPJPY"",""action"":""BUY"",""risk"":1.0,""meta"":{""tp"":211.963021225,""sl"":211.596192,""rr"":""0.73:1""}}",2026-03-17T01:00:00Z,Webhook delivery failed — 404 Not Found
4242008720,"ICMARKETS:USDJPY, 5m",{{message}},"{""indicator_id"":""ABC_Pattern_v2"",""strategy_id"":""abc_geometric"",""symbol"":""USDJPY"",""action"":""BUY"",""risk"":1.0,""meta"":{""tp"":159.2160528651,""sl"":158.786055,""rr"":""1.71:1""}}",2026-03-16T22:56:02Z,Webhook delivery failed — 404 Not Found
4242001278,"ICMARKETS:GBPUSD, 5m",{{message}},"{""indicator_id"":""ABC_Pattern_v2"",""strategy_id"":""abc_geometric"",""symbol"":""GBPUSD"",""action"":""SELL"",""risk"":1.0,""meta"":{""tp"":1.3295236919,""sl"":1.33335202,""rr"":""1.87:1""}}",2026-03-16T22:56:00Z,Webhook delivery failed — 404 Not Found
4241953027,"TICKMILL:EURUSD, 5m",{{message}},"{""indicator_id"":""ABC_Pattern_v2"",""strategy_id"":""abc_geometric"",""symbol"":""EURUSD"",""action"":""SELL"",""risk"":1.0,""meta"":{""tp"":1.1484235257,""sl"":1.15184069,""rr"":""1.97:1""}}",2026-03-16T22:45:01Z,Webhook delivery failed — 404 Not Found
4242001278,"ICMARKETS:GBPUSD, 5m",{{message}},"{""indicator_id"":""ABC_Pattern_v2"",""strategy_id"":""abc_geometric"",""symbol"":""GBPUSD"",""action"":""BUY"",""risk"":1.0,""meta"":{""tp"":1.3354744288,""sl"":1.33015851,""rr"":""2.99:1""}}",2026-03-16T22:21:07Z,Webhook delivery failed — 404 Not Found
4241953027,"TICKMILL:EURUSD, 5m",{{message}},"{""indicator_id"":""ABC_Pattern_v2"",""strategy_id"":""abc_geometric"",""symbol"":""EURUSD"",""action"":""BUY"",""risk"":1.0,""meta"":{""tp"":1.1536233831,""sl"":1.14905979,""rr"":""2.97:1""}}",2026-03-16T22:05:01Z,Webhook delivery failed — 404 Not Found
4242008720,"ICMARKETS:USDJPY, 5m",{{message}},"{""indicator_id"":""ABC_Pattern_v2"",""strategy_id"":""abc_geometric"",""symbol"":""USDJPY"",""action"":""SELL"",""risk"":1.0,""meta"":{""tp"":158.7972849682,""sl"":159.344185,""rr"":""2.44:1""}}",2026-03-16T20:51:01Z,Webhook delivery failed — 404 Not Found
4242010891,"OANDA:GBPJPY, 5m",{{message}},"{""indicator_id"":""ABC_Pattern_v2"",""strategy_id"":""abc_geometric"",""symbol"":""GBPJPY"",""action"":""BUY"",""risk"":1.0,""meta"":{""tp"":212.1391764372,""sl"":211.644144,""rr"":""1.34:1""}}",2026-03-16T18:55:00Z,Webhook delivery failed — 404 Not Found
4241953027,"TICKMILL:EURUSD, 5m",{{message}},"{""indicator_id"":""ABC_Pattern_v2"",""strategy_id"":""abc_geometric"",""symbol"":""EURUSD"",""action"":""BUY"",""risk"":1.0,""meta"":{""tp"":1.1516829334,""sl"":1.14792093,""rr"":""2.27:1""}}",2026-03-16T18:47:00Z,Webhook delivery failed — 404 Not Found
4242008720,"ICMARKETS:USDJPY, 5m",{{message}},"{""indicator_id"":""ABC_Pattern_v2"",""strategy_id"":""abc_geometric"",""symbol"":""USDJPY"",""action"":""SELL"",""risk"":1.0,""meta"":{""tp"":159.0810776616,""sl"":159.461302,""rr"":""1.39:1""}}",2026-03-16T18:46:01Z,Webhook delivery failed — 404 Not Found
4242001278,"ICMARKETS:GBPUSD, 5m",{{message}},"{""indicator_id"":""ABC_Pattern_v2"",""strategy_id"":""abc_geometric"",""symbol"":""GBPUSD"",""action"":""BUY"",""risk"":1.0,""meta"":{""tp"":1.332892449,""sl"":1.32867999,""rr"":""2.17:1""}}",2026-03-16T18:46:01Z,Webhook delivery failed — 404 Not Found
4242008720,"ICMARKETS:USDJPY, 5m",{{message}},"{""indicator_id"":""ABC_Pattern_v2"",""strategy_id"":""abc_geometric"",""symbol"":""USDJPY"",""action"":""BUY"",""risk"":1.0,""meta"":{""tp"":159.6449128177,""sl"":158.977863,""rr"":""3.19:1""}}",2026-03-16T18:11:01Z,Webhook delivery failed — 404 Not Found
4242010891,"OANDA:GBPJPY, 5m",{{message}},"{""indicator_id"":""ABC_Pattern_v2"",""strategy_id"":""abc_geometric"",""symbol"":""GBPJPY"",""action"":""BUY"",""risk"":1.0,""meta"":{""tp"":212.2828763624,""sl"":211.512276,""rr"":""2.64:1""}}",2026-03-16T17:30:00Z,Webhook delivery failed — 404 Not Found
4241953027,"TICKMILL:EURUSD, 5m",{{message}},"{""indicator_id"":""ABC_Pattern_v2"",""strategy_id"":""abc_geometric"",""symbol"":""EURUSD"",""action"":""SELL"",""risk"":1.0,""meta"":{""tp"":1.1478603568,""sl"":1.15117002,""rr"":""1.88:1""}}",2026-03-16T16:37:00Z,Webhook delivery failed — 404 Not Found
4241953027,"TICKMILL:EURUSD, 5m",{{message}},"{""indicator_id"":""ABC_Pattern_v2"",""strategy_id"":""abc_geometric"",""symbol"":""EURUSD"",""action"":""BUY"",""risk"":1.0,""meta"":{""tp"":1.1510220969,""sl"":1.14690195,""rr"":""2.59:1""}}",2026-03-16T15:47:00Z,Webhook delivery failed — 404 Not Found
4242001278,"ICMARKETS:GBPUSD, 5m",{{message}},"{""indicator_id"":""ABC_Pattern_v2"",""strategy_id"":""abc_geometric"",""symbol"":""GBPUSD"",""action"":""BUY"",""risk"":1.0,""meta"":{""tp"":1.3329944902,""sl"":1.32798069,""rr"":""2.77:1""}}",2026-03-16T15:46:00Z,Webhook delivery failed — 404 Not Found
4242010891,"OANDA:GBPJPY, 5m",{{message}},"{""indicator_id"":""ABC_Pattern_v2"",""strategy_id"":""abc_geometric"",""symbol"":""GBPJPY"",""action"":""BUY"",""risk"":1.0,""meta"":{""tp"":211.7613162193,""sl"":211.180608,""rr"":""1.75:1""}}",2026-03-16T15:15:01Z,Webhook delivery failed — 404 Not Found
4242008720,"ICMARKETS:USDJPY, 5m",{{message}},"{""indicator_id"":""ABC_Pattern_v2"",""strategy_id"":""abc_geometric"",""symbol"":""USDJPY"",""action"":""SELL"",""risk"":1.0,""meta"":{""tp"":158.7555507168,""sl"":159.336177,""rr"":""2.65:1""}}",2026-03-16T14:16:00Z,Webhook delivery failed — 404 Not Found
4241953027,"TICKMILL:EURUSD, 5m",{{message}},"{""indicator_id"":""ABC_Pattern_v2"",""strategy_id"":""abc_geometric"",""symbol"":""EURUSD"",""action"":""BUY"",""risk"":1.0,""meta"":{""tp"":1.1546172321,""sl"":1.14609276,""rr"":""6.43:1""}}",2026-03-16T13:57:00Z,Webhook delivery failed — 404 Not Found
4242010891,"OANDA:GBPJPY, 5m",{{message}},"{""indicator_id"":""ABC_Pattern_v2"",""strategy_id"":""abc_geometric"",""symbol"":""GBPJPY"",""action"":""BUY"",""risk"":1.0,""meta"":{""tp"":211.5603092681,""sl"":210.999789,""rr"":""1.65:1""}}",2026-03-16T13:50:01Z,Webhook delivery failed — 404 Not Found
4242010891,"OANDA:GBPJPY, 5m",{{message}},"{""indicator_id"":""ABC_Pattern_v2"",""strategy_id"":""abc_geometric"",""symbol"":""GBPJPY"",""action"":""BUY"",""risk"":1.0,""meta"":{""tp"":211.4344123105,""sl"":210.812976,""rr"":""1.94:1""}}",2026-03-16T10:35:00Z,Webhook delivery failed — 404 Not Found
4242001278,"ICMARKETS:GBPUSD, 5m",{{message}},"{""indicator_id"":""ABC_Pattern_v2"",""strategy_id"":""abc_geometric"",""symbol"":""GBPUSD"",""action"":""BUY"",""risk"":1.0,""meta"":{""tp"":1.3265720287,""sl"":1.32280587,""rr"":""1.84:1""}}",2026-03-16T10:31:00Z,Webhook delivery failed — 404 Not Found
4242010891,"OANDA:GBPJPY, 5m",{{message}},"{""indicator_id"":""ABC_Pattern_v2"",""strategy_id"":""abc_geometric"",""symbol"":""GBPJPY"",""action"":""SELL"",""risk"":1.0,""meta"":{""tp"":210.4413748216,""sl"":211.433222,""rr"":""3.7:1""}}",2026-03-16T10:00:00Z,Webhook delivery failed — 404 Not Found
4242001278,"ICMARKETS:GBPUSD, 5m",{{message}},"{""indicator_id"":""ABC_Pattern_v2"",""strategy_id"":""abc_geometric"",""symbol"":""GBPUSD"",""action"":""SELL"",""risk"":1.0,""meta"":{""tp"":1.3228403769,""sl"":1.32679547,""rr"":""1.98:1""}}",2026-03-16T09:26:01Z,Webhook delivery failed — 404 Not Found
4242008720,"ICMARKETS:USDJPY, 5m",{{message}},"{""indicator_id"":""ABC_Pattern_v2"",""strategy_id"":""abc_geometric"",""symbol"":""USDJPY"",""action"":""BUY"",""risk"":1.0,""meta"":{""tp"":159.4340669645,""sl"":159.065775,""rr"":""1.31:1""}}",2026-03-16T09:21:01Z,Webhook delivery failed — 404 Not Found
4242008720,"ICMARKETS:USDJPY, 5m",{{message}},"{""indicator_id"":""ABC_Pattern_v2"",""strategy_id"":""abc_geometric"",""symbol"":""USDJPY"",""action"":""SELL"",""risk"":1.0,""meta"":{""tp"":159.1480383291,""sl"":159.542383,""rr"":""1.47:1""}}",2026-03-16T08:41:03Z,Webhook delivery failed — 404 Not Found
4242008720,"ICMARKETS:USDJPY, 5m",{{message}},"{""indicator_id"":""ABC_Pattern_v2"",""strategy_id"":""abc_geometric"",""symbol"":""USDJPY"",""action"":""SELL"",""risk"":1.0,""meta"":{""tp"":159.453021968,""sl"":159.77962,""rr"":""1.05:1""}}",2026-03-16T05:41:01Z,Webhook successfully delivered